pid,dispatch_time,completion_time,wait,turnaround
p1,1748105996.905994,1748106001.9137657,0.10261797904968262,5.110389709472656
p2,1748106014.835358,1748106020.8405068,0.10282444953918457,6.107973337173462
